[
  {
    "wenyanwen": "吾十有五而志于学。三十而立。四十而不惑。五十而知天命。六十而耳顺。七十而从心所欲，不逾矩。",
    "xiandai": "我十五岁就立志学习。三十岁就能够独立自主。四十岁遇事不再感到困惑。五十岁就知道天命。六十岁时能听得进各种不同的意见。七十岁可以随心所欲，却不超出规矩。"
  },
  {
    "wenyanwen": "子曰：学而时习之，不亦说乎？有朋自远方来，不亦乐乎？人不知而不愠，不亦君子乎？",
    "xiandai": "孔子说：学习并且经常温习和练习，不是很愉快吗？有志同道合的人从远方来，不是很快乐吗？人家不了解我，我也不怨恨，不也是一个有修养的君子吗？"
  },
  {
    "wenyanwen": "子曰：君子不重则不威，学则不固。主忠信，无友不如己者，过则勿惮改。",
    "xiandai": "孔子说：君子如果不庄重就没有威严，所学到的东西如果不扎实就容易忘记。要以忠诚守信为主，不要与道德修养不如自己的人交朋友，有了过错就不要怕改正。"
  },
  {
    "wenyanwen": "子曰：三人行，必有我师焉。择其善者而从之，其不善者而改之。",
    "xiandai": "孔子说：三个人一起行走，其中必定有可以成为我的老师的人。选择其中好的方面学习，看到不好的方面就拿来改正自己。"
  },
  {
    "wenyanwen": "子曰：温故而知新，可以为师矣。",
    "xiandai": "孔子说：温习旧知识，从中获得新的领悟，这样的人就可以当老师了。"
  },
  {
    "wenyanwen": "子曰：学而不思则罔，思而不学则殆。",
    "xiandai": "孔子说：只学习而不思考，就会感到迷惑；只思考而不学习，就会感到疑惑。"
  },
  {
    "wenyanwen": "子曰：知之者不如好之者，好之者不如乐之者。",
    "xiandai": "孔子说：知道的人不如喜欢的人，喜欢的人不如以此为乐的人。"
  }
]